player_name,player_id,profile_link
S Ladda,317292,https://www.espncricinfo.com/cricketers/sarabjit-ladda-profile-317292
AR Bawne,327123,https://www.espncricinfo.com/cricketers/ankit-bawne-profile-327123
P Amarnath,290629,https://www.espncricinfo.com/cricketers/palani-amarnath-profile-290629
VR Aaron,360911,https://www.espncricinfo.com/cricketers/varun-aaron-profile-360911
KJ Abbott,297583,https://www.espncricinfo.com/cricketers/kyle-abbott-profile-297583
SA Abbott,398666,https://www.espncricinfo.com/cricketers/sa-abbott-398666
YA Abdulla,224367,https://www.espncricinfo.com/cricketers/ya-abdulla-224367
Abdul Basith,1287067,https://www.espncricinfo.com/cricketers/abdul-basith-1287067
Abdul Samad,1175485,https://www.espncricinfo.com/cricketers/abdul-samad-1175485
Abdur Razzak,56283,https://www.espncricinfo.com/cricketers/abdur-razzak-56283
Abhishek Sharma,1070183,https://www.espncricinfo.com/cricketers/abhishek-sharma-1070183
Abishek Porel,1277545,https://www.espncricinfo.com/cricketers/abishek-porel-1277545
L Ablish,26236,https://www.espncricinfo.com/cricketers/l-ablish-26236
AD Nath,500360,https://www.espncricinfo.com/cricketers/ad-nath-500360
AB Agarkar,26184,https://www.espncricinfo.com/cricketers/ab-agarkar-26184
MA Agarwal,398438,https://www.espncricinfo.com/cricketers/ma-agarwal-398438
SS Agarwal,1079668,https://www.espncricinfo.com/cricketers/ss-agarwal-1079668
AN Ahmed,228430,https://www.espncricinfo.com/cricketers/an-ahmed-228430
KK Ahmed,942645,https://www.espncricinfo.com/cricketers/kk-ahmed-942645
Akash Deep,1176959,https://www.espncricinfo.com/cricketers/akash-deep-1176959
Akash Singh,1175458,https://www.espncricinfo.com/cricketers/akash-singh-1175458
B Akhil,26206,https://www.espncricinfo.com/cricketers/b-akhil-26206
MM Ali,8917,https://www.espncricinfo.com/cricketers/mm-ali-8917
FA Allen,670013,https://www.espncricinfo.com/cricketers/fa-allen-670013
Aman Hakim Khan,1254269,https://www.espncricinfo.com/cricketers/aman-hakim-khan-1254269
HM Amla,43906,https://www.espncricinfo.com/cricketers/hm-amla-43906
Anand Rajan,26797,https://www.espncricinfo.com/cricketers/anand-rajan-26797
CJ Anderson,277662,https://www.espncricinfo.com/cricketers/cj-anderson-277662
S Anirudha,26798,https://www.espncricinfo.com/cricketers/s-anirudha-26798
Anirudh Singh,26252,https://www.espncricinfo.com/cricketers/anirudh-singh-26252
Ankit Sharma,422992,https://www.espncricinfo.com/cricketers/ankit-sharma-422992
Ankit Soni,1083128,https://www.espncricinfo.com/cricketers/ankit-soni-1083128
Anmolpreet Singh,851261,https://www.espncricinfo.com/cricketers/anmolpreet-singh-851261
Anuj Rawat,1123073,https://www.espncricinfo.com/cricketers/anuj-rawat-1123073
Anureet Singh,376324,https://www.espncricinfo.com/cricketers/anureet-singh-376324
KP Appanna,269170,https://www.espncricinfo.com/cricketers/kp-appanna-269170
S Aravind,290632,https://www.espncricinfo.com/cricketers/s-aravind-290632
JC Archer,669855,https://www.espncricinfo.com/cricketers/jc-archer-669855
VG Arora,1209292,https://www.espncricinfo.com/cricketers/vg-arora-1209292
Arshad Khan,1244751,https://www.espncricinfo.com/cricketers/arshad-khan-1244751
Arshdeep Singh,1125976,https://www.espncricinfo.com/cricketers/arshdeep-singh-1125976
KB Arun Karthik,319745,https://www.espncricinfo.com/cricketers/kb-arun-karthik-319745
J Arunkumar,26291,https://www.espncricinfo.com/cricketers/j-arunkumar-26291
P Arya,1175456,https://www.espncricinfo.com/cricketers/p-arya-1175456
A Ashish Reddy,389605,https://www.espncricinfo.com/cricketers/a-ashish-reddy-389605
Ashwani Kumar,1209126,https://www.espncricinfo.com/cricketers/ashwani-kumar-1209126
M Ashwin,528067,https://www.espncricinfo.com/cricketers/m-ashwin-528067
R Ashwin,26421,https://www.espncricinfo.com/cricketers/r-ashwin-26421
KM Asif,1083030,https://www.espncricinfo.com/cricketers/km-asif-1083030
SA Asnodkar,26782,https://www.espncricinfo.com/cricketers/sa-asnodkar-26782
Avesh Khan,694211,https://www.espncricinfo.com/cricketers/avesh-khan-694211
P Awana,323131,https://www.espncricinfo.com/cricketers/p-awana-323131
Azhar Mahmood,39024,https://www.espncricinfo.com/cricketers/azhar-mahmood-39024
Azmatullah Omarzai,819429,https://www.espncricinfo.com/cricketers/azmatullah-omarzai-819429
A Badoni,1151270,https://www.espncricinfo.com/cricketers/a-badoni-1151270
S Badree,51433,https://www.espncricinfo.com/cricketers/s-badree-51433
S Badrinath,26806,https://www.espncricinfo.com/cricketers/s-badrinath-26806
GJ Bailey,4451,https://www.espncricinfo.com/cricketers/gj-bailey-4451
JM Bairstow,297433,https://www.espncricinfo.com/cricketers/jm-bairstow-297433
L Balaji,26829,https://www.espncricinfo.com/cricketers/l-balaji-26829
SB Bangar,27225,https://www.espncricinfo.com/cricketers/sb-bangar-27225
T Banton,877051,https://www.espncricinfo.com/cricketers/t-banton-877051
AB Barath,274926,https://www.espncricinfo.com/cricketers/ab-barath-274926
XC Bartlett,1050545,https://www.espncricinfo.com/cricketers/xc-bartlett-1050545
Basil Thampi,732291,https://www.espncricinfo.com/cricketers/basil-thampi-732291
RA Bawa,1292502,https://www.espncricinfo.com/cricketers/ra-bawa-1292502
F Behardien,44410,https://www.espncricinfo.com/cricketers/f-behardien-44410
JP Behrendorff,272477,https://www.espncricinfo.com/cricketers/jp-behrendorff-272477
JG Bethell,1194959,https://www.espncricinfo.com/cricketers/jg-bethell-1194959
MS Bhandage,1057399,https://www.espncricinfo.com/cricketers/ms-bhandage-1057399
KS Bharat,529436,https://www.espncricinfo.com/cricketers/ks-bharat-529436
R Bhatia,26907,https://www.espncricinfo.com/cricketers/r-bhatia-26907
RR Bhatkal,27150,https://www.espncricinfo.com/cricketers/rr-bhatkal-27150
BA Bhatt,433410,https://www.espncricinfo.com/cricketers/ba-bhatt-433410
RK Bhui,642531,https://www.espncricinfo.com/cricketers/rk-bhui-642531
AA Bilakhia,26946,https://www.espncricinfo.com/cricketers/aa-bilakhia-26946
SW Billings,297628,https://www.espncricinfo.com/cricketers/sw-billings-297628
STR Binny,27223,https://www.espncricinfo.com/cricketers/str-binny-27223
Bipul Sharma,35928,https://www.espncricinfo.com/cricketers/bipul-sharma-35928
UA Birla,262533,https://www.espncricinfo.com/cricketers/ua-birla-262533
TR Birt,4292,https://www.espncricinfo.com/cricketers/tr-birt-4292
R Bishnoi,236766,https://www.espncricinfo.com/cricketers/r-bishnoi-236766
MS Bisla,27280,https://www.espncricinfo.com/cricketers/ms-bisla-27280
AC Blizzard,4498,https://www.espncricinfo.com/cricketers/ac-blizzard-4498
SM Boland,446548,https://www.espncricinfo.com/cricketers/sm-boland-446548
DE Bollinger,4508,https://www.espncricinfo.com/cricketers/de-bollinger-4508
SE Bond,36326,https://www.espncricinfo.com/cricketers/se-bond-36326
RS Bopara,10582,https://www.espncricinfo.com/cricketers/rs-bopara-10582
C Bosch,594322,https://www.espncricinfo.com/cricketers/c-bosch-594322
RR Bose,27572,https://www.espncricinfo.com/cricketers/rr-bose-27572
J Botha,44149,https://www.espncricinfo.com/cricketers/j-botha-44149
MV Boucher,44111,https://www.espncricinfo.com/cricketers/mv-boucher-44111
TA Boult,277912,https://www.espncricinfo.com/cricketers/ta-boult-277912
DAJ Bracewell,362541,https://www.espncricinfo.com/cricketers/daj-bracewell-362541
MG Bracewell,326968,https://www.espncricinfo.com/cricketers/mg-bracewell-326968
CR Brathwaite,457249,https://www.espncricinfo.com/cricketers/cr-brathwaite-457249
DJ Bravo,51439,https://www.espncricinfo.com/cricketers/dj-bravo-51439
DM Bravo,277472,https://www.espncricinfo.com/cricketers/dm-bravo-277472
D Brevis,1070665,https://www.espncricinfo.com/cricketers/d-brevis-1070665
HC Brook,911707,https://www.espncricinfo.com/cricketers/hc-brook-911707
JJ Bumrah,625383,https://www.espncricinfo.com/cricketers/jj-bumrah-625383
N Burger,971349,https://www.espncricinfo.com/cricketers/n-burger-971349
JC Buttler,308967,https://www.espncricinfo.com/cricketers/jc-buttler-308967
AT Carey,326434,https://www.espncricinfo.com/cricketers/at-carey-326434
KC Cariappa,777537,https://www.espncricinfo.com/cricketers/kc-cariappa-777537
LA Carseldine,4541,https://www.espncricinfo.com/cricketers/la-carseldine-4541
YS Chahal,430246,https://www.espncricinfo.com/cricketers/ys-chahal-430246
DL Chahar,447261,https://www.espncricinfo.com/cricketers/dl-chahar-447261
RD Chahar,1064812,https://www.espncricinfo.com/cricketers/rd-chahar-1064812
PVD Chameera,552152,https://www.espncricinfo.com/cricketers/pvd-chameera-552152
UBT Chand,446499,https://www.espncricinfo.com/cricketers/ubt-chand-446499
S Chanderpaul,51469,https://www.espncricinfo.com/cricketers/s-chanderpaul-51469
A Chandila,27783,https://www.espncricinfo.com/cricketers/a-chandila-27783
SD Chauhan,1287369,https://www.espncricinfo.com/cricketers/sd-chauhan-1287369
AA Chavan,337913,https://www.espncricinfo.com/cricketers/aa-chavan-337913
PP Chawla,32966,https://www.espncricinfo.com/cricketers/pp-chawla-32966
B Chipli,27685,https://www.espncricinfo.com/cricketers/b-chipli-27685
SD Chitnis,337916,https://www.espncricinfo.com/cricketers/sd-chitnis-337916
A Chopra,27639,https://www.espncricinfo.com/cricketers/a-chopra-27639
P Chopra,500135,https://www.espncricinfo.com/cricketers/p-chopra-500135
A Choudhary,527299,https://www.espncricinfo.com/cricketers/a-choudhary-527299
DT Christian,4864,https://www.espncricinfo.com/cricketers/dt-christian-4864
MJ Clarke,4578,https://www.espncricinfo.com/cricketers/mj-clarke-4578
G Coetzee,596010,https://www.espncricinfo.com/cricketers/g-coetzee-596010
PD Collingwood,10772,https://www.espncricinfo.com/cricketers/pd-collingwood-10772
DP Conway,379140,https://www.espncricinfo.com/cricketers/dp-conway-379140
KK Cooper,371814,https://www.espncricinfo.com/cricketers/kk-cooper-371814
SS Cottrell,495551,https://www.espncricinfo.com/cricketers/ss-cottrell-495551
NM Coulter-Nile,261354,https://www.espncricinfo.com/cricketers/nm-coulternile-261354
PJ Cummins,489889,https://www.espncricinfo.com/cricketers/pj-cummins-489889
SM Curran,662973,https://www.espncricinfo.com/cricketers/sm-curran-662973
TK Curran,550235,https://www.espncricinfo.com/cricketers/tk-curran-550235
BCJ Cutting,230371,https://www.espncricinfo.com/cricketers/bcj-cutting-230371
MJ Dagar,942367,https://www.espncricinfo.com/cricketers/mj-dagar-942367
CJ Dala,545467,https://www.espncricinfo.com/cricketers/cj-dala-545467
A Dananjaya,574178,https://www.espncricinfo.com/cricketers/a-dananjaya-574178
DB Das,328163,https://www.espncricinfo.com/cricketers/db-das-328163
H Das,236810,https://www.espncricinfo.com/cricketers/h-das-236810
TH David,892749,https://www.espncricinfo.com/cricketers/th-david-892749
C de Grandhomme,55395,https://www.espncricinfo.com/cricketers/c-de-grandhomme-55395
Q de Kock,379143,https://www.espncricinfo.com/cricketers/q-de-kock-379143
M de Lange,393279,https://www.espncricinfo.com/cricketers/m-de-lange-393279
JL Denly,12454,https://www.espncricinfo.com/cricketers/jl-denly-12454
TU Deshpande,822553,https://www.espncricinfo.com/cricketers/tu-deshpande-822553
KH Devdhar,340063,https://www.espncricinfo.com/cricketers/kh-devdhar-340063
AB de Villiers,44936,https://www.espncricinfo.com/cricketers/ab-de-villiers-44936
P Dharmani,28067,https://www.espncricinfo.com/cricketers/p-dharmani-28067
R Dhawan,290727,https://www.espncricinfo.com/cricketers/r-dhawan-290727
S Dhawan,28235,https://www.espncricinfo.com/cricketers/s-dhawan-28235
MS Dhoni,28081,https://www.espncricinfo.com/cricketers/ms-dhoni-28081
YV Dhull,1292498,https://www.espncricinfo.com/cricketers/yv-dhull-1292498
TM Dilshan,48472,https://www.espncricinfo.com/cricketers/tm-dilshan-48472
AB Dinda,227712,https://www.espncricinfo.com/cricketers/ab-dinda-227712
P Dogra,28160,https://www.espncricinfo.com/cricketers/p-dogra-28160
AP Dole,236694,https://www.espncricinfo.com/cricketers/ap-dole-236694
ND Doshi,12440,https://www.espncricinfo.com/cricketers/nd-doshi-12440
R Dravid,28114,https://www.espncricinfo.com/cricketers/r-dravid-28114
HS Dubey,1216159,https://www.espncricinfo.com/cricketers/hs-dubey-1216159
P Dubey,777515,https://www.espncricinfo.com/cricketers/p-dubey-777515
S Dube,714451,https://www.espncricinfo.com/cricketers/s-dube-714451
SB Dubey,1252585,https://www.espncricinfo.com/cricketers/sb-dubey-1252585
JP Duminy,44932,https://www.espncricinfo.com/cricketers/jp-duminy-44932
BR Dunk,388678,https://www.espncricinfo.com/cricketers/br-dunk-388678
F du Plessis,44828,https://www.espncricinfo.com/cricketers/f-du-plessis-44828
D du Preez,44938,https://www.espncricinfo.com/cricketers/d-du-preez-44938
ER Dwivedi,340841,https://www.espncricinfo.com/cricketers/er-dwivedi-340841
FH Edwards,51782,https://www.espncricinfo.com/cricketers/fh-edwards-51782
NT Ellis,826915,https://www.espncricinfo.com/cricketers/nt-ellis-826915
JP Faulkner,270484,https://www.espncricinfo.com/cricketers/jp-faulkner-270484
FY Fazal,28671,https://www.espncricinfo.com/cricketers/fy-fazal-28671
Fazalhaq Farooqi,974175,https://www.espncricinfo.com/cricketers/fazalhaq-farooqi-974175
CJ Ferguson,5236,https://www.espncricinfo.com/cricketers/cj-ferguson-5236
LH Ferguson,493773,https://www.espncricinfo.com/cricketers/lh-ferguson-493773
CRD Fernando,48835,https://www.espncricinfo.com/cricketers/crd-fernando-48835
D Ferreira,698315,https://www.espncricinfo.com/cricketers/d-ferreira-698315
AJ Finch,5334,https://www.espncricinfo.com/cricketers/aj-finch-5334
SP Fleming,37000,https://www.espncricinfo.com/cricketers/sp-fleming-37000
A Flintoff,12856,https://www.espncricinfo.com/cricketers/a-flintoff-12856
JEC Franklin,37004,https://www.espncricinfo.com/cricketers/jec-franklin-37004
J Fraser-McGurk,1168049,https://www.espncricinfo.com/cricketers/j-frasermcgurk-1168049
Gagandeep Singh,28758,https://www.espncricinfo.com/cricketers/gagandeep-singh-28758
RD Gaikwad,1060380,https://www.espncricinfo.com/cricketers/rd-gaikwad-1060380
G Gambhir,28763,https://www.espncricinfo.com/cricketers/g-gambhir-28763
C Ganapathy,28764,https://www.espncricinfo.com/cricketers/c-ganapathy-28764
SC Ganguly,28779,https://www.espncricinfo.com/cricketers/sc-ganguly-28779
PK Garg,1070180,https://www.espncricinfo.com/cricketers/pk-garg-1070180
GHS Garton,643433,https://www.espncricinfo.com/cricketers/ghs-garton-643433
CM Gautam,302208,https://www.espncricinfo.com/cricketers/cm-gautam-302208
RS Gavaskar,28792,https://www.espncricinfo.com/cricketers/rs-gavaskar-28792
CH Gayle,51880,https://www.espncricinfo.com/cricketers/ch-gayle-51880
B Geeves,5472,https://www.espncricinfo.com/cricketers/b-geeves-5472
AN Ghosh,220435,https://www.espncricinfo.com/cricketers/an-ghosh-220435
HH Gibbs,45224,https://www.espncricinfo.com/cricketers/hh-gibbs-45224
AC Gilchrist,5390,https://www.espncricinfo.com/cricketers/ac-gilchrist-5390
RJ Gleeson,473191,https://www.espncricinfo.com/cricketers/rj-gleeson-473191
Y Gnaneswara Rao,28830,https://www.espncricinfo.com/cricketers/y-gnaneswara-rao-28830
K Goel,28997,https://www.espncricinfo.com/cricketers/k-goel-28997
RV Gomez,28846,https://www.espncricinfo.com/cricketers/rv-gomez-28846
MS Gony,317293,https://www.espncricinfo.com/cricketers/ms-gony-317293
S Gopal,344580,https://www.espncricinfo.com/cricketers/s-gopal-344580
SP Goswami,302579,https://www.espncricinfo.com/cricketers/sp-goswami-302579
K Gowtham,424377,https://www.espncricinfo.com/cricketers/k-gowtham-424377
R Goyal,1350770,https://www.espncricinfo.com/cricketers/r-goyal-1350770
C Green,1076713,https://www.espncricinfo.com/cricketers/c-green-1076713
CJ Green,787073,https://www.espncricinfo.com/cricketers/cj-green-787073
Gulbadin Naib,352048,https://www.espncricinfo.com/cricketers/gulbadin-naib-352048
Sunny Gupta,271315,https://www.espncricinfo.com/cricketers/sunny-gupta-271315
MJ Guptill,226492,https://www.espncricinfo.com/cricketers/mj-guptill-226492
Gurkeerat Singh,537124,https://www.espncricinfo.com/cricketers/gurkeerat-singh-537124
HF Gurney,244639,https://www.espncricinfo.com/cricketers/hf-gurney-244639
Gurnoor Brar,1287033,https://www.espncricinfo.com/cricketers/gurnoor-brar-1287033
BJ Haddin,5560,https://www.espncricinfo.com/cricketers/bj-haddin-5560
AD Hales,249866,https://www.espncricinfo.com/cricketers/ad-hales-249866
PSP Handscomb,334337,https://www.espncricinfo.com/cricketers/psp-handscomb-334337
RS Hangargekar,1175429,https://www.espncricinfo.com/cricketers/rs-hangargekar-1175429
Harbhajan Singh,29264,https://www.espncricinfo.com/cricketers/harbhajan-singh-29264
Harmeet Singh,391128,https://www.espncricinfo.com/cricketers/harmeet-singh-391128
Harmeet Singh,422847,https://www.espncricinfo.com/cricketers/harmeet-singh-422847
Harpreet Brar,1168641,https://www.espncricinfo.com/cricketers/harpreet-brar-1168641
Harpreet Singh,340854,https://www.espncricinfo.com/cricketers/harpreet-singh-340854
DJ Harris,5583,https://www.espncricinfo.com/cricketers/dj-harris-5583
RJ Harris,5779,https://www.espncricinfo.com/cricketers/rj-harris-5779
Harshit Rana,1312645,https://www.espncricinfo.com/cricketers/harshit-rana-1312645
SM Harwood,5605,https://www.espncricinfo.com/cricketers/sm-harwood-5605
PW Hasaranga,784379,https://www.espncricinfo.com/cricketers/pw-hasaranga-784379
JW Hastings,228622,https://www.espncricinfo.com/cricketers/jw-hastings-228622
ML Hayden,5616,https://www.espncricinfo.com/cricketers/ml-hayden-5616
JR Hazlewood,288284,https://www.espncricinfo.com/cricketers/jr-hazlewood-288284
TM Head,530011,https://www.espncricinfo.com/cricketers/tm-head-530011
T Henderson,45434,https://www.espncricinfo.com/cricketers/t-henderson-45434
BE Hendricks,379927,https://www.espncricinfo.com/cricketers/be-hendricks-379927
MC Henriques,5961,https://www.espncricinfo.com/cricketers/mc-henriques-5961
MJ Henry,506612,https://www.espncricinfo.com/cricketers/mj-henry-506612
SO Hetmyer,670025,https://www.espncricinfo.com/cricketers/so-hetmyer-670025
BW Hilfenhaus,5941,https://www.espncricinfo.com/cricketers/bw-hilfenhaus-5941
Himmat Singh,805235,https://www.espncricinfo.com/cricketers/himmat-singh-805235
BJ Hodge,5674,https://www.espncricinfo.com/cricketers/bj-hodge-5674
GB Hogg,5681,https://www.espncricinfo.com/cricketers/gb-hogg-5681
JO Holder,391485,https://www.espncricinfo.com/cricketers/jo-holder-391485
DJ Hooda,497121,https://www.espncricinfo.com/cricketers/dj-hooda-497121
SD Hope,581379,https://www.espncricinfo.com/cricketers/sd-hope-581379
JR Hopes,5702,https://www.espncricinfo.com/cricketers/jr-hopes-5702
AJ Hosein,530812,https://www.espncricinfo.com/cricketers/aj-hosein-530812
DJ Hussey,5766,https://www.espncricinfo.com/cricketers/dj-hussey-5766
MEK Hussey,5939,https://www.espncricinfo.com/cricketers/mek-hussey-5939
Imran Tahir,40618,https://www.espncricinfo.com/cricketers/imran-tahir-40618
B Indrajith,477069,https://www.espncricinfo.com/cricketers/b-indrajith-477069
JP Inglis,662235,https://www.espncricinfo.com/cricketers/jp-inglis-662235
CA Ingram,45705,https://www.espncricinfo.com/cricketers/ca-ingram-45705
Iqbal Abdulla,277237,https://www.espncricinfo.com/cricketers/iqbal-abdulla-277237
Ishan Kishan,720471,https://www.espncricinfo.com/cricketers/ishan-kishan-720471
SS Iyer,642519,https://www.espncricinfo.com/cricketers/ss-iyer-642519
VR Iyer,851403,https://www.espncricinfo.com/cricketers/vr-iyer-851403
WG Jacks,897549,https://www.espncricinfo.com/cricketers/wg-jacks-897549
SP Jackson,237696,https://www.espncricinfo.com/cricketers/sp-jackson-237696
DJ Jacobs,45782,https://www.espncricinfo.com/cricketers/dj-jacobs-45782
RA Jadeja,234675,https://www.espncricinfo.com/cricketers/ra-jadeja-234675
KM Jadhav,290716,https://www.espncricinfo.com/cricketers/km-jadhav-290716
W Jaffer,29646,https://www.espncricinfo.com/cricketers/w-jaffer-29646
N Jagadeesan,1048813,https://www.espncricinfo.com/cricketers/n-jagadeesan-1048813
IR Jaggi,279554,https://www.espncricinfo.com/cricketers/ir-jaggi-279554
YBK Jaiswal,1151278,https://www.espncricinfo.com/cricketers/ybk-jaiswal-1151278
SB Jakati,29655,https://www.espncricinfo.com/cricketers/sb-jakati-29655
KA Jamieson,625960,https://www.espncricinfo.com/cricketers/ka-jamieson-625960
D Jansen,595954,https://www.espncricinfo.com/cricketers/d-jansen-595954
M Jansen,696401,https://www.espncricinfo.com/cricketers/m-jansen-696401
Jaskaran Singh,376102,https://www.espncricinfo.com/cricketers/jaskaran-singh-376102
ST Jayasuriya,49209,https://www.espncricinfo.com/cricketers/st-jayasuriya-49209
DPMD Jayawardene,49289,https://www.espncricinfo.com/cricketers/dpmd-jayawardene-49289
AA Jhunjhunwala,29702,https://www.espncricinfo.com/cricketers/aa-jhunjhunwala-29702
Joginder Sharma,29976,https://www.espncricinfo.com/cricketers/joginder-sharma-29976
MG Johnson,6033,https://www.espncricinfo.com/cricketers/mg-johnson-6033
SH Johnson,1123718,https://www.espncricinfo.com/cricketers/sh-johnson-1123718
CJ Jordan,288992,https://www.espncricinfo.com/cricketers/cj-jordan-288992
AS Joseph,670031,https://www.espncricinfo.com/cricketers/as-joseph-670031
S Joseph,1356971,https://www.espncricinfo.com/cricketers/s-joseph-1356971
SB Joshi,29725,https://www.espncricinfo.com/cricketers/sb-joshi-29725
MC Juneja,390480,https://www.espncricinfo.com/cricketers/mc-juneja-390480
DC Jurel,1175488,https://www.espncricinfo.com/cricketers/dc-jurel-1175488
M Kaif,29990,https://www.espncricinfo.com/cricketers/m-kaif-29990
JH Kallis,45789,https://www.espncricinfo.com/cricketers/jh-kallis-45789
S Randiv,50438,https://www.espncricinfo.com/cricketers/s-randiv-50438
D Kalyankrishna,30719,https://www.espncricinfo.com/cricketers/d-kalyankrishna-30719
A Kamboj,1175428,https://www.espncricinfo.com/cricketers/a-kamboj-1175428
Kamran Akmal,41028,https://www.espncricinfo.com/cricketers/kamran-akmal-41028
Kamran Khan,391121,https://www.espncricinfo.com/cricketers/kamran-khan-391121
CK Kapugedera,209457,https://www.espncricinfo.com/cricketers/ck-kapugedera-209457
Karanveer Singh,322535,https://www.espncricinfo.com/cricketers/karanveer-singh-322535
Karim Janat,793467,https://www.espncricinfo.com/cricketers/karim-janat-793467
KD Karthik,30045,https://www.espncricinfo.com/cricketers/kd-karthik-30045
M Kartik,30049,https://www.espncricinfo.com/cricketers/m-kartik-30049
K Kartikeya,1159843,https://www.espncricinfo.com/cricketers/k-kartikeya-1159843
Kartik Tyagi,1122918,https://www.espncricinfo.com/cricketers/kartik-tyagi-1122918
SM Katich,6128,https://www.espncricinfo.com/cricketers/sm-katich-6128
S Kaul,326017,https://www.espncricinfo.com/cricketers/s-kaul-326017
U Kaul,30235,https://www.espncricinfo.com/cricketers/u-kaul-30235
S Kaushik,917213,https://www.espncricinfo.com/cricketers/s-kaushik-917213
V Kaverappa,1155262,https://www.espncricinfo.com/cricketers/v-kaverappa-1155262
AA Kazi,422106,https://www.espncricinfo.com/cricketers/aa-kazi-422106
JM Kemp,45797,https://www.espncricinfo.com/cricketers/jm-kemp-45797
SN Khan,642525,https://www.espncricinfo.com/cricketers/sn-khan-642525
Z Khan,30102,https://www.espncricinfo.com/cricketers/z-khan-30102
UT Khawaja,215155,https://www.espncricinfo.com/cricketers/ut-khawaja-215155
K Khejroliya,1083033,https://www.espncricinfo.com/cricketers/k-khejroliya-1083033
MA Khote,30220,https://www.espncricinfo.com/cricketers/ma-khote-30220
H Klaasen,436757,https://www.espncricinfo.com/cricketers/h-klaasen-436757
M Klinger,6161,https://www.espncricinfo.com/cricketers/m-klinger-6161
T Kohler-Cadmore,470633,https://www.espncricinfo.com/cricketers/t-kohlercadmore-470633
T Kohli,331855,https://www.espncricinfo.com/cricketers/t-kohli-331855
V Kohli,253802,https://www.espncricinfo.com/cricketers/v-kohli-253802
TK Kotian,1125960,https://www.espncricinfo.com/cricketers/tk-kotian-1125960
SC Kuggeleijn,539548,https://www.espncricinfo.com/cricketers/sc-kuggeleijn-539548
KMDN Kulasekara,49535,https://www.espncricinfo.com/cricketers/kmdn-kulasekara-49535
Kuldeep Yadav,559235,https://www.espncricinfo.com/cricketers/kuldeep-yadav-559235
AA Kulkarni,1403153,https://www.espncricinfo.com/cricketers/aa-kulkarni-1403153
DS Kulkarni,277955,https://www.espncricinfo.com/cricketers/ds-kulkarni-277955
B Kumar,326016,https://www.espncricinfo.com/cricketers/b-kumar-326016
P Kumar,30732,https://www.espncricinfo.com/cricketers/p-kumar-30732
A Kumble,30176,https://www.espncricinfo.com/cricketers/a-kumble-30176
K Kushagra,1207295,https://www.espncricinfo.com/cricketers/k-kushagra-1207295
SD Lad,422342,https://www.espncricinfo.com/cricketers/sd-lad-422342
S Lamichhane,960361,https://www.espncricinfo.com/cricketers/s-lamichhane-960361
CK Langeveldt,45963,https://www.espncricinfo.com/cricketers/ck-langeveldt-45963
B Laughlin,315623,https://www.espncricinfo.com/cricketers/b-laughlin-315623
VVS Laxman,30750,https://www.espncricinfo.com/cricketers/vvs-laxman-30750
B Lee,6278,https://www.espncricinfo.com/cricketers/b-lee-6278
DS Lehmann,6285,https://www.espncricinfo.com/cricketers/ds-lehmann-6285
RE Levi,46148,https://www.espncricinfo.com/cricketers/re-levi-46148
E Lewis,431901,https://www.espncricinfo.com/cricketers/e-lewis-431901
JB Little,928067,https://www.espncricinfo.com/cricketers/jb-little-928067
Litton Das,536936,https://www.espncricinfo.com/cricketers/litton-das-536936
LS Livingstone,403902,https://www.espncricinfo.com/cricketers/ls-livingstone-403902
MK Lomror,853265,https://www.espncricinfo.com/cricketers/mk-lomror-853265
MJ Lumb,16406,https://www.espncricinfo.com/cricketers/mj-lumb-16406
CA Lynn,326637,https://www.espncricinfo.com/cricketers/ca-lynn-326637
MJ McClenaghan,319439,https://www.espncricinfo.com/cricketers/mj-mcclenaghan-319439
OC McCoy,906783,https://www.espncricinfo.com/cricketers/oc-mccoy-906783
BB McCullum,37737,https://www.espncricinfo.com/cricketers/bb-mccullum-37737
NL McCullum,37749,https://www.espncricinfo.com/cricketers/nl-mccullum-37749
AB McDonald,6553,https://www.espncricinfo.com/cricketers/ab-mcdonald-6553
GD McGrath,6565,https://www.espncricinfo.com/cricketers/gd-mcgrath-6565
CJ McKay,6903,https://www.espncricinfo.com/cricketers/cj-mckay-6903
R McLaren,46393,https://www.espncricinfo.com/cricketers/r-mclaren-46393
C Madan,31104,https://www.espncricinfo.com/cricketers/c-madan-31104
NJ Maddinson,333780,https://www.espncricinfo.com/cricketers/nj-maddinson-333780
SSB Magala,379776,https://www.espncricinfo.com/cricketers/ssb-magala-379776
KA Maharaj,267724,https://www.espncricinfo.com/cricketers/ka-maharaj-267724
MF Maharoof,49638,https://www.espncricinfo.com/cricketers/mf-maharoof-49638
VY Mahesh,31732,https://www.espncricinfo.com/cricketers/vy-mahesh-31732
AP Majumdar,31750,https://www.espncricinfo.com/cricketers/ap-majumdar-31750
DJ Malan,236489,https://www.espncricinfo.com/cricketers/dj-malan-236489
I Malhotra,31088,https://www.espncricinfo.com/cricketers/i-malhotra-31088
VS Malik,31738,https://www.espncricinfo.com/cricketers/vs-malik-31738
E Malinga,1306214,https://www.espncricinfo.com/cricketers/e-malinga-1306214
SL Malinga,49758,https://www.espncricinfo.com/cricketers/sl-malinga-49758
Mandeep Singh,398506,https://www.espncricinfo.com/cricketers/mandeep-singh-398506
A Madhwal,1206039,https://www.espncricinfo.com/cricketers/a-madhwal-1206039
M Manhas,31001,https://www.espncricinfo.com/cricketers/m-manhas-31001
PN Mankad,956871,https://www.espncricinfo.com/cricketers/pn-mankad-956871
A Manohar,778963,https://www.espncricinfo.com/cricketers/a-manohar-778963
KT Maphaka,1294342,https://www.espncricinfo.com/cricketers/kt-maphaka-1294342
M Markande,1081442,https://www.espncricinfo.com/cricketers/m-markande-1081442
AK Markram,600498,https://www.espncricinfo.com/cricketers/ak-markram-600498
MR Marsh,272450,https://www.espncricinfo.com/cricketers/mr-marsh-272450
SE Marsh,6683,https://www.espncricinfo.com/cricketers/se-marsh-6683
DR Martyn,6513,https://www.espncricinfo.com/cricketers/dr-martyn-6513
AD Mascarenhas,16932,https://www.espncricinfo.com/cricketers/ad-mascarenhas-16932
Mashrafe Mortaza,56007,https://www.espncricinfo.com/cricketers/mashrafe-mortaza-56007
AD Mathews,49764,https://www.espncricinfo.com/cricketers/ad-mathews-49764
GJ Maxwell,325026,https://www.espncricinfo.com/cricketers/gj-maxwell-325026
KR Mayers,348056,https://www.espncricinfo.com/cricketers/kr-mayers-348056
AL Menaria,371150,https://www.espncricinfo.com/cricketers/al-menaria-371150
BAW Mendis,268739,https://www.espncricinfo.com/cricketers/baw-mendis-268739
BMAJ Mendis,49700,https://www.espncricinfo.com/cricketers/bmaj-mendis-49700
PHKD Mendis,784373,https://www.espncricinfo.com/cricketers/phkd-mendis-784373
RP Meredith,961713,https://www.espncricinfo.com/cricketers/rp-meredith-961713
LI Meriwala,573930,https://www.espncricinfo.com/cricketers/li-meriwala-573930
A Mhatre,1452455,https://www.espncricinfo.com/cricketers/a-mhatre-1452455
S Midhun,1131619,https://www.espncricinfo.com/cricketers/s-midhun-1131619
DA Miller,321777,https://www.espncricinfo.com/cricketers/da-miller-321777
TS Mills,459257,https://www.espncricinfo.com/cricketers/ts-mills-459257
AF Milne,450860,https://www.espncricinfo.com/cricketers/af-milne-450860
R Minz,1350762,https://www.espncricinfo.com/cricketers/r-minz-1350762
Misbah-ul-Haq,41378,https://www.espncricinfo.com/cricketers/misbahulhaq-41378
A Mishra,31107,https://www.espncricinfo.com/cricketers/a-mishra-31107
MD Mishra,31028,https://www.espncricinfo.com/cricketers/md-mishra-31028
T Mishra,24790,https://www.espncricinfo.com/cricketers/t-mishra-24790
DJ Mitchell,381743,https://www.espncricinfo.com/cricketers/dj-mitchell-381743
A Mithun,310958,https://www.espncricinfo.com/cricketers/a-mithun-310958
Mohammad Ashraful,55988,https://www.espncricinfo.com/cricketers/mohammad-ashraful-55988
Mohammad Asif,41411,https://www.espncricinfo.com/cricketers/mohammad-asif-41411
Mohammad Hafeez,41434,https://www.espncricinfo.com/cricketers/mohammad-hafeez-41434
Mohammad Nabi,25913,https://www.espncricinfo.com/cricketers/mohammad-nabi-25913
Mohammed Shami,481896,https://www.espncricinfo.com/cricketers/mohammed-shami-481896
Mohammed Siraj,940973,https://www.espncricinfo.com/cricketers/mohammed-siraj-940973
Mohit Rathee,1349361,https://www.espncricinfo.com/cricketers/mohit-rathee-1349361
Mohsin Khan,1132005,https://www.espncricinfo.com/cricketers/mohsin-khan-1132005
Monu Kumar,694209,https://www.espncricinfo.com/cricketers/monu-kumar-694209
RG More,424219,https://www.espncricinfo.com/cricketers/rg-more-424219
EJG Morgan,24598,https://www.espncricinfo.com/cricketers/ejg-morgan-24598
JA Morkel,46248,https://www.espncricinfo.com/cricketers/ja-morkel-46248
M Morkel,46538,https://www.espncricinfo.com/cricketers/m-morkel-46538
CH Morris,439952,https://www.espncricinfo.com/cricketers/ch-morris-439952
WA Mota,31041,https://www.espncricinfo.com/cricketers/wa-mota-31041
Mujeeb Ur Rahman,974109,https://www.espncricinfo.com/cricketers/mujeeb-ur-rahman-974109
Mukesh Choudhary,1125688,https://www.espncricinfo.com/cricketers/mukesh-choudhary-1125688
Mukesh Kumar,926851,https://www.espncricinfo.com/cricketers/mukesh-kumar-926851
A Mukund,302582,https://www.espncricinfo.com/cricketers/a-mukund-302582
SZ Mulani,1131607,https://www.espncricinfo.com/cricketers/sz-mulani-1131607
PWA Mulder,698189,https://www.espncricinfo.com/cricketers/pwa-mulder-698189
SS Mundhe,279862,https://www.espncricinfo.com/cricketers/ss-mundhe-279862
C Munro,232359,https://www.espncricinfo.com/cricketers/c-munro-232359
M Muralidaran,49636,https://www.espncricinfo.com/cricketers/m-muralidaran-49636
AG Murtaza,26490,https://www.espncricinfo.com/cricketers/ag-murtaza-26490
Mustafizur Rahman,330902,https://www.espncricinfo.com/cricketers/mustafizur-rahman-330902
DJ Muthuswami,528985,https://www.espncricinfo.com/cricketers/dj-muthuswami-528985
S Nadeem,31872,https://www.espncricinfo.com/cricketers/s-nadeem-31872
Y Nagar,317786,https://www.espncricinfo.com/cricketers/y-nagar-317786
KL Nagarkoti,1070188,https://www.espncricinfo.com/cricketers/kl-nagarkoti-1070188
NS Naik,554700,https://www.espncricinfo.com/cricketers/ns-naik-554700
KK Nair,398439,https://www.espncricinfo.com/cricketers/kk-nair-398439
DG Nalkande,1111917,https://www.espncricinfo.com/cricketers/dg-nalkande-1111917
Naman Dhir,1287032,https://www.espncricinfo.com/cricketers/naman-dhir-1287032
C Nanda,32093,https://www.espncricinfo.com/cricketers/c-nanda-32093
DP Nannes,6981,https://www.espncricinfo.com/cricketers/dp-nannes-6981
GR Napier,17991,https://www.espncricinfo.com/cricketers/gr-napier-17991
SP Narine,230558,https://www.espncricinfo.com/cricketers/sp-narine-230558
S Narwal,32084,https://www.espncricinfo.com/cricketers/s-narwal-32084
T Natarajan,802575,https://www.espncricinfo.com/cricketers/t-natarajan-802575
Naveen-ul-Haq,793447,https://www.espncricinfo.com/cricketers/naveenulhaq-793447
AM Nayar,32091,https://www.espncricinfo.com/cricketers/am-nayar-32091
JDS Neesham,355269,https://www.espncricinfo.com/cricketers/jds-neesham-355269
P Negi,530773,https://www.espncricinfo.com/cricketers/p-negi-530773
A Nehra,31820,https://www.espncricinfo.com/cricketers/a-nehra-31820
A Nel,46569,https://www.espncricinfo.com/cricketers/a-nel-46569
MG Neser,376169,https://www.espncricinfo.com/cricketers/mg-neser-376169
L Ngidi,542023,https://www.espncricinfo.com/cricketers/l-ngidi-542023
V Nigam,1449074,https://www.espncricinfo.com/cricketers/v-nigam-1449074
R Ninan,353669,https://www.espncricinfo.com/cricketers/r-ninan-353669
K Nitish Kumar Reddy,1175496,https://www.espncricinfo.com/cricketers/k-nitish-kumar-reddy-1175496
AA Noffke,6938,https://www.espncricinfo.com/cricketers/aa-noffke-6938
Noor Ahmad,1182529,https://www.espncricinfo.com/cricketers/noor-ahmad-1182529
A Nortje,481979,https://www.espncricinfo.com/cricketers/a-nortje-481979
M Ntini,46592,https://www.espncricinfo.com/cricketers/m-ntini-46592
W O'Rourke,1211825,https://www.espncricinfo.com/cricketers/w-orourke-1211825
NV Ojha,32102,https://www.espncricinfo.com/cricketers/nv-ojha-32102
PP Ojha,32130,https://www.espncricinfo.com/cricketers/pp-ojha-32130
JDP Oram,38062,https://www.espncricinfo.com/cricketers/jdp-oram-38062
J Overton,510530,https://www.espncricinfo.com/cricketers/j-overton-510530
MJ Owen,1213979,https://www.espncricinfo.com/cricketers/mj-owen-1213979
D Padikkal,1119026,https://www.espncricinfo.com/cricketers/d-padikkal-1119026
TD Paine,7252,https://www.espncricinfo.com/cricketers/td-paine-7252
IC Pandey,447439,https://www.espncricinfo.com/cricketers/ic-pandey-447439
MK Pandey,290630,https://www.espncricinfo.com/cricketers/mk-pandey-290630
HH Pandya,625371,https://www.espncricinfo.com/cricketers/hh-pandya-625371
KH Pandya,471342,https://www.espncricinfo.com/cricketers/kh-pandya-471342
Pankaj Singh,32973,https://www.espncricinfo.com/cricketers/pankaj-singh-32973
RR Pant,931581,https://www.espncricinfo.com/cricketers/rr-pant-931581
R Parag,1079434,https://www.espncricinfo.com/cricketers/r-parag-1079434
P Parameswaran,279562,https://www.espncricinfo.com/cricketers/p-parameswaran-279562
MB Parmar,240734,https://www.espncricinfo.com/cricketers/mb-parmar-240734
WD Parnell,265564,https://www.espncricinfo.com/cricketers/wd-parnell-265564
Parvez Rasool,378496,https://www.espncricinfo.com/cricketers/parvez-rasool-378496
AR Patel,554691,https://www.espncricinfo.com/cricketers/ar-patel-554691
HV Patel,390481,https://www.espncricinfo.com/cricketers/hv-patel-390481
MM Patel,32965,https://www.espncricinfo.com/cricketers/mm-patel-32965
NK Patel,32240,https://www.espncricinfo.com/cricketers/nk-patel-32240
PA Patel,32242,https://www.espncricinfo.com/cricketers/pa-patel-32242
RV Patel,1201520,https://www.espncricinfo.com/cricketers/rv-patel-1201520
UM Patel,1131570,https://www.espncricinfo.com/cricketers/um-patel-1131570
AUK Pathan,430401,https://www.espncricinfo.com/cricketers/auk-pathan-430401
IK Pathan,32685,https://www.espncricinfo.com/cricketers/ik-pathan-32685
YK Pathan,32498,https://www.espncricinfo.com/cricketers/yk-pathan-32498
M Pathirana,1194795,https://www.espncricinfo.com/cricketers/m-pathirana-1194795
RM Patidar,823703,https://www.espncricinfo.com/cricketers/rm-patidar-823703
DT Patil,32389,https://www.espncricinfo.com/cricketers/dt-patil-32389
JL Pattinson,272465,https://www.espncricinfo.com/cricketers/jl-pattinson-272465
KMA Paul,677081,https://www.espncricinfo.com/cricketers/kma-paul-677081
AG Paunikar,324444,https://www.espncricinfo.com/cricketers/ag-paunikar-324444
RV Pawar,32305,https://www.espncricinfo.com/cricketers/rv-pawar-32305
MDKJ Perera,300631,https://www.espncricinfo.com/cricketers/mdkj-perera-300631
NLTC Perera,233514,https://www.espncricinfo.com/cricketers/nltc-perera-233514
RJ Peterson,46750,https://www.espncricinfo.com/cricketers/rj-peterson-46750
JR Philippe,1124282,https://www.espncricinfo.com/cricketers/jr-philippe-1124282
GD Phillips,823509,https://www.espncricinfo.com/cricketers/gd-phillips-823509
KP Pietersen,19296,https://www.espncricinfo.com/cricketers/kp-pietersen-19296
LE Plunkett,19264,https://www.espncricinfo.com/cricketers/le-plunkett-19264
KA Pollard,230559,https://www.espncricinfo.com/cricketers/ka-pollard-230559
SM Pollock,46774,https://www.espncricinfo.com/cricketers/sm-pollock-46774
LA Pomersbach,232284,https://www.espncricinfo.com/cricketers/la-pomersbach-232284
RT Ponting,7133,https://www.espncricinfo.com/cricketers/rt-ponting-7133
N Pooran,604302,https://www.espncricinfo.com/cricketers/n-pooran-604302
IC Porel,967603,https://www.espncricinfo.com/cricketers/ic-porel-967603
RR Powar,32391,https://www.espncricinfo.com/cricketers/rr-powar-32391
R Powell,820351,https://www.espncricinfo.com/cricketers/r-powell-820351
Prabhsimran Singh,1161024,https://www.espncricinfo.com/cricketers/prabhsimran-singh-1161024
SS Prabhudessai,1083851,https://www.espncricinfo.com/cricketers/ss-prabhudessai-1083851
P Prasanth,32211,https://www.espncricinfo.com/cricketers/p-prasanth-32211
M Prasidh Krishna,917159,https://www.espncricinfo.com/cricketers/m-prasidh-krishna-917159
V Pratap Singh,528967,https://www.espncricinfo.com/cricketers/v-pratap-singh-528967
D Pretorius,327830,https://www.espncricinfo.com/cricketers/d-pretorius-327830
RW Price,55698,https://www.espncricinfo.com/cricketers/rw-price-55698
Prince Yadav,1350768,https://www.espncricinfo.com/cricketers/prince-yadav-1350768
Y Prithvi Raj,1121579,https://www.espncricinfo.com/cricketers/y-prithvi-raj-1121579
CA Pujara,32540,https://www.espncricinfo.com/cricketers/ca-pujara-32540
V Puthur,1460388,https://www.espncricinfo.com/cricketers/v-puthur-1460388
RJ Quiney,211854,https://www.espncricinfo.com/cricketers/rj-quiney-211854
K Rabada,550215,https://www.espncricinfo.com/cricketers/k-rabada-550215
A Raghuvanshi,1292495,https://www.espncricinfo.com/cricketers/a-raghuvanshi-1292495
AM Rahane,277916,https://www.espncricinfo.com/cricketers/am-rahane-277916
Rahmanullah Gurbaz,974087,https://www.espncricinfo.com/cricketers/rahmanullah-gurbaz-974087
KL Rahul,422108,https://www.espncricinfo.com/cricketers/kl-rahul-422108
SK Raina,33335,https://www.espncricinfo.com/cricketers/sk-raina-33335
PBB Rajapaksa,342619,https://www.espncricinfo.com/cricketers/pbb-rajapaksa-342619
RR Raje,290713,https://www.espncricinfo.com/cricketers/rr-raje-290713
AS Rajpoot,591650,https://www.espncricinfo.com/cricketers/as-rajpoot-591650
PVSN Raju,1392201,https://www.espncricinfo.com/cricketers/pvsn-raju-1392201
Ramandeep Singh,1079470,https://www.espncricinfo.com/cricketers/ramandeep-singh-1079470
R Rampaul,52912,https://www.espncricinfo.com/cricketers/r-rampaul-52912
N Rana,604527,https://www.espncricinfo.com/cricketers/n-rana-604527
S Rana,33757,https://www.espncricinfo.com/cricketers/s-rana-33757
SK Rasheed,1292497,https://www.espncricinfo.com/cricketers/sk-rasheed-1292497
AU Rashid,244497,https://www.espncricinfo.com/cricketers/au-rashid-244497
Rashid Khan,793463,https://www.espncricinfo.com/cricketers/rashid-khan-793463
Rasikh Salam,1161489,https://www.espncricinfo.com/cricketers/rasikh-salam-1161489
DS Rathi,1460529,https://www.espncricinfo.com/cricketers/ds-rathi-1460529
KS Rathore,1339031,https://www.espncricinfo.com/cricketers/ks-rathore-1339031
AS Raut,230593,https://www.espncricinfo.com/cricketers/as-raut-230593
R Ravindra,959767,https://www.espncricinfo.com/cricketers/r-ravindra-959767
Ravi Bishnoi,1175441,https://www.espncricinfo.com/cricketers/ravi-bishnoi-1175441
DB Ravi Teja,237701,https://www.espncricinfo.com/cricketers/db-ravi-teja-237701
M Rawat,33440,https://www.espncricinfo.com/cricketers/m-rawat-33440
AT Rayudu,33141,https://www.espncricinfo.com/cricketers/at-rayudu-33141
P Ray Barman,1159712,https://www.espncricinfo.com/cricketers/p-ray-barman-1159712
PA Reddy,376109,https://www.espncricinfo.com/cricketers/pa-reddy-376109
JA Richardson,774223,https://www.espncricinfo.com/cricketers/ja-richardson-774223
KW Richardson,272262,https://www.espncricinfo.com/cricketers/kw-richardson-272262
RD Rickelton,605661,https://www.espncricinfo.com/cricketers/rd-rickelton-605661
NJ Rimmington,7443,https://www.espncricinfo.com/cricketers/nj-rimmington-7443
KAJ Roach,230553,https://www.espncricinfo.com/cricketers/kaj-roach-230553
BJ Rohrer,7547,https://www.espncricinfo.com/cricketers/bj-rohrer-7547
L Ronchi,7502,https://www.espncricinfo.com/cricketers/l-ronchi-7502
JE Root,303669,https://www.espncricinfo.com/cricketers/je-root-303669
RR Rossouw,318845,https://www.espncricinfo.com/cricketers/rr-rossouw-318845
AS Roy,1079839,https://www.espncricinfo.com/cricketers/as-roy-1079839
JJ Roy,298438,https://www.espncricinfo.com/cricketers/jj-roy-298438
AD Russell,276298,https://www.espncricinfo.com/cricketers/ad-russell-276298
SE Rutherford,914541,https://www.espncricinfo.com/cricketers/se-rutherford-914541
JD Ryder,38373,https://www.espncricinfo.com/cricketers/jd-ryder-38373
Sachin Baby,432783,https://www.espncricinfo.com/cricketers/sachin-baby-432783
WP Saha,279810,https://www.espncricinfo.com/cricketers/wp-saha-279810
Shahbaz Ahmed,1159711,https://www.espncricinfo.com/cricketers/shahbaz-ahmed-1159711
P Sahu,34155,https://www.espncricinfo.com/cricketers/p-sahu-34155
N Saini,274785,https://www.espncricinfo.com/cricketers/n-saini-274785
NA Saini,700167,https://www.espncricinfo.com/cricketers/na-saini-700167
B Sai Sudharsan,1151288,https://www.espncricinfo.com/cricketers/b-sai-sudharsan-1151288
R Sai Kishore,1048739,https://www.espncricinfo.com/cricketers/r-sai-kishore-1048739
C Sakariya,1131754,https://www.espncricinfo.com/cricketers/c-sakariya-1131754
Salman Butt,42683,https://www.espncricinfo.com/cricketers/salman-butt-42683
PD Salt,669365,https://www.espncricinfo.com/cricketers/pd-salt-669365
D Salunkhe,278482,https://www.espncricinfo.com/cricketers/d-salunkhe-278482
AM Salvi,34264,https://www.espncricinfo.com/cricketers/am-salvi-34264
BB Samantray,430125,https://www.espncricinfo.com/cricketers/bb-samantray-430125
Sameer Rizvi,1175489,https://www.espncricinfo.com/cricketers/sameer-rizvi-1175489
DJG Sammy,53115,https://www.espncricinfo.com/cricketers/djg-sammy-53115
DR Sams,826901,https://www.espncricinfo.com/cricketers/dr-sams-826901
SV Samson,425943,https://www.espncricinfo.com/cricketers/sv-samson-425943
MN Samuels,52983,https://www.espncricinfo.com/cricketers/mn-samuels-52983
Sandeep Sharma,438362,https://www.espncricinfo.com/cricketers/sandeep-sharma-438362
S Sandeep Warrier,592735,https://www.espncricinfo.com/cricketers/s-sandeep-warrier-592735
GS Sandhu,499660,https://www.espncricinfo.com/cricketers/gs-sandhu-499660
KC Sangakkara,50710,https://www.espncricinfo.com/cricketers/kc-sangakkara-50710
PJ Sangwan,279545,https://www.espncricinfo.com/cricketers/pj-sangwan-279545
R Sanjay Yadav,1048841,https://www.espncricinfo.com/cricketers/r-sanjay-yadav-1048841
MJ Santner,502714,https://www.espncricinfo.com/cricketers/mj-santner-502714
K Santokie,314622,https://www.espncricinfo.com/cricketers/k-santokie-314622
Sanvir Singh,1132219,https://www.espncricinfo.com/cricketers/sanvir-singh-1132219
SS Sarkar,34402,https://www.espncricinfo.com/cricketers/ss-sarkar-34402
PM Sarvesh Kumar,327127,https://www.espncricinfo.com/cricketers/pm-sarvesh-kumar-327127
RR Sarwan,52969,https://www.espncricinfo.com/cricketers/rr-sarwan-52969
R Sathish,33870,https://www.espncricinfo.com/cricketers/r-sathish-33870
Jalaj S Saxena,237199,https://www.espncricinfo.com/cricketers/jalaj-s-saxena-237199
JPR Scantlebury-Searles,230554,https://www.espncricinfo.com/cricketers/jpr-scantleburysearles-230554
V Sehwag,35263,https://www.espncricinfo.com/cricketers/v-sehwag-35263
TL Seifert,625964,https://www.espncricinfo.com/cricketers/tl-seifert-625964
KR Sen,1163695,https://www.espncricinfo.com/cricketers/kr-sen-1163695
SMSM Senanayake,273439,https://www.espncricinfo.com/cricketers/smsm-senanayake-273439
OA Shah,20123,https://www.espncricinfo.com/cricketers/oa-shah-20123
PR Shah,34282,https://www.espncricinfo.com/cricketers/pr-shah-34282
Shahid Afridi,42639,https://www.espncricinfo.com/cricketers/shahid-afridi-42639
M Shahrukh Khan,719719,https://www.espncricinfo.com/cricketers/m-shahrukh-khan-719719
RA Shaikh,279460,https://www.espncricinfo.com/cricketers/ra-shaikh-279460
SS Shaikh,377437,https://www.espncricinfo.com/cricketers/ss-shaikh-377437
T Shamsi,379145,https://www.espncricinfo.com/cricketers/t-shamsi-379145
MD Shanaka,437316,https://www.espncricinfo.com/cricketers/md-shanaka-437316
V Shankar,477021,https://www.espncricinfo.com/cricketers/v-shankar-477021
Shakib Al Hasan,56143,https://www.espncricinfo.com/cricketers/shakib-al-hasan-56143
BR Sharath,917231,https://www.espncricinfo.com/cricketers/br-sharath-917231
AR Sharma,1131978,https://www.espncricinfo.com/cricketers/ar-sharma-1131978
H Sharma,1350761,https://www.espncricinfo.com/cricketers/h-sharma-1350761
I Sharma,236779,https://www.espncricinfo.com/cricketers/i-sharma-236779
JM Sharma,721867,https://www.espncricinfo.com/cricketers/jm-sharma-721867
KS Sharma,1246518,https://www.espncricinfo.com/cricketers/ks-sharma-1246518
KV Sharma,30288,https://www.espncricinfo.com/cricketers/kv-sharma-30288
MM Sharma,537119,https://www.espncricinfo.com/cricketers/mm-sharma-537119
R Sharma,272994,https://www.espncricinfo.com/cricketers/r-sharma-272994
RG Sharma,34102,https://www.espncricinfo.com/cricketers/rg-sharma-34102
Shashank Singh,377534,https://www.espncricinfo.com/cricketers/shashank-singh-377534
PP Shaw,1070168,https://www.espncricinfo.com/cricketers/pp-shaw-1070168
R Shepherd,677077,https://www.espncricinfo.com/cricketers/r-shepherd-677077
Shivam Mavi,1079848,https://www.espncricinfo.com/cricketers/shivam-mavi-1079848
Shivam Sharma,717201,https://www.espncricinfo.com/cricketers/shivam-sharma-717201
Shivam Singh,1380113,https://www.espncricinfo.com/cricketers/shivam-singh-1380113
Shoaib Ahmed,317709,https://www.espncricinfo.com/cricketers/shoaib-ahmed-317709
Shoaib Akhtar,42655,https://www.espncricinfo.com/cricketers/shoaib-akhtar-42655
Shoaib Malik,42657,https://www.espncricinfo.com/cricketers/shoaib-malik-42657
HR Shokeen,1175423,https://www.espncricinfo.com/cricketers/hr-shokeen-1175423
DR Shorey,590327,https://www.espncricinfo.com/cricketers/dr-shorey-590327
DJM Short,308798,https://www.espncricinfo.com/cricketers/djm-short-308798
MW Short,605575,https://www.espncricinfo.com/cricketers/mw-short-605575
Shubman Gill,1070173,https://www.espncricinfo.com/cricketers/shubman-gill-1070173
LR Shukla,34019,https://www.espncricinfo.com/cricketers/lr-shukla-34019
R Shukla,390547,https://www.espncricinfo.com/cricketers/r-shukla-390547
M Siddharth,1151286,https://www.espncricinfo.com/cricketers/m-siddharth-1151286
Sikandar Raza,299572,https://www.espncricinfo.com/cricketers/sikandar-raza-299572
LPC Silva,50431,https://www.espncricinfo.com/cricketers/lpc-silva-50431
Simarjeet Singh,1159722,https://www.espncricinfo.com/cricketers/simarjeet-singh-1159722
LMP Simmons,53116,https://www.espncricinfo.com/cricketers/lmp-simmons-53116
NB Singh,853259,https://www.espncricinfo.com/cricketers/nb-singh-853259
RK Singh,723105,https://www.espncricinfo.com/cricketers/rk-singh-723105
RP Singh,35280,https://www.espncricinfo.com/cricketers/rp-singh-35280
VRV Singh,35281,https://www.espncricinfo.com/cricketers/vrv-singh-35281
A Singh,26789,https://www.espncricinfo.com/cricketers/a-singh-26789
DR Smith,53118,https://www.espncricinfo.com/cricketers/dr-smith-53118
GC Smith,47270,https://www.espncricinfo.com/cricketers/gc-smith-47270
OF Smith,820691,https://www.espncricinfo.com/cricketers/of-smith-820691
SPD Smith,267192,https://www.espncricinfo.com/cricketers/spd-smith-267192
IS Sodhi,559066,https://www.espncricinfo.com/cricketers/is-sodhi-559066
RS Sodhi,34078,https://www.espncricinfo.com/cricketers/rs-sodhi-34078
Sohail Tanvir,43265,https://www.espncricinfo.com/cricketers/sohail-tanvir-43265
S Sohal,228943,https://www.espncricinfo.com/cricketers/s-sohal-228943
PH Solanki,1252337,https://www.espncricinfo.com/cricketers/ph-solanki-1252337
TG Southee,232364,https://www.espncricinfo.com/cricketers/tg-southee-232364
BB Sran,537126,https://www.espncricinfo.com/cricketers/bb-sran-537126
S Sreesanth,34274,https://www.espncricinfo.com/cricketers/s-sreesanth-34274
S Sriram,34118,https://www.espncricinfo.com/cricketers/s-sriram-34118
SJ Srivastava,34245,https://www.espncricinfo.com/cricketers/sj-srivastava-34245
TM Srivastava,35401,https://www.espncricinfo.com/cricketers/tm-srivastava-35401
B Stanlake,533042,https://www.espncricinfo.com/cricketers/b-stanlake-533042
MA Starc,311592,https://www.espncricinfo.com/cricketers/ma-starc-311592
DW Steyn,47492,https://www.espncricinfo.com/cricketers/dw-steyn-47492
MP Stoinis,325012,https://www.espncricinfo.com/cricketers/mp-stoinis-325012
BA Stokes,311158,https://www.espncricinfo.com/cricketers/ba-stokes-311158
T Stubbs,595978,https://www.espncricinfo.com/cricketers/t-stubbs-595978
SB Styris,38407,https://www.espncricinfo.com/cricketers/sb-styris-38407
J Suchith,527663,https://www.espncricinfo.com/cricketers/j-suchith-527663
TP Sudhindra,34139,https://www.espncricinfo.com/cricketers/tp-sudhindra-34139
TL Suman,34281,https://www.espncricinfo.com/cricketers/tl-suman-34281
B Sumanth,253798,https://www.espncricinfo.com/cricketers/b-sumanth-253798
Sumit Kumar,1159734,https://www.espncricinfo.com/cricketers/sumit-kumar-1159734
Sunny Singh,35282,https://www.espncricinfo.com/cricketers/sunny-singh-35282
Suryansh Shedge,1339698,https://www.espncricinfo.com/cricketers/suryansh-shedge-1339698
V Suryavanshi,1408688,https://www.espncricinfo.com/cricketers/v-suryavanshi-1408688
MJ Suthar,1175426,https://www.espncricinfo.com/cricketers/mj-suthar-1175426
P Suyal,431213,https://www.espncricinfo.com/cricketers/p-suyal-431213
Suyash Sharma,1350792,https://www.espncricinfo.com/cricketers/suyash-sharma-1350792
Swapnil Singh,232292,https://www.espncricinfo.com/cricketers/swapnil-singh-232292
J Syed Mohammad,35261,https://www.espncricinfo.com/cricketers/j-syed-mohammad-35261
A Symonds,7702,https://www.espncricinfo.com/cricketers/a-symonds-7702
T Taibu,55805,https://www.espncricinfo.com/cricketers/t-taibu-55805
A Taide,1125958,https://www.espncricinfo.com/cricketers/a-taide-1125958
SW Tait,8076,https://www.espncricinfo.com/cricketers/sw-tait-8076
YV Takawale,35357,https://www.espncricinfo.com/cricketers/yv-takawale-35357
PV Tambe,587152,https://www.espncricinfo.com/cricketers/pv-tambe-587152
AP Tare,333904,https://www.espncricinfo.com/cricketers/ap-tare-333904
JE Taylor,53191,https://www.espncricinfo.com/cricketers/je-taylor-53191
LRPL Taylor,38699,https://www.espncricinfo.com/cricketers/lrpl-taylor-38699
Tejas Baroka,1082859,https://www.espncricinfo.com/cricketers/tejas-baroka-1082859
RN ten Doeschate,47660,https://www.espncricinfo.com/cricketers/rn-ten-doeschate-47660
AS Tendulkar,1148776,https://www.espncricinfo.com/cricketers/as-tendulkar-1148776
SR Tendulkar,35320,https://www.espncricinfo.com/cricketers/sr-tendulkar-35320
R Tewatia,423838,https://www.espncricinfo.com/cricketers/r-tewatia-423838
SN Thakur,475281,https://www.espncricinfo.com/cricketers/sn-thakur-475281
Yash Thakur,1070196,https://www.espncricinfo.com/cricketers/yash-thakur-1070196
X Thalaivan Sargunam,319744,https://www.espncricinfo.com/cricketers/x-thalaivan-sargunam-319744
M Theekshana,1138316,https://www.espncricinfo.com/cricketers/m-theekshana-1138316
J Theron,223642,https://www.espncricinfo.com/cricketers/j-theron-223642
AC Thomas,47569,https://www.espncricinfo.com/cricketers/ac-thomas-47569
O Thomas,914567,https://www.espncricinfo.com/cricketers/o-thomas-914567
DJ Thornely,8002,https://www.espncricinfo.com/cricketers/dj-thornely-8002
N Thushara,955235,https://www.espncricinfo.com/cricketers/n-thushara-955235
T Thushara,49677,https://www.espncricinfo.com/cricketers/t-thushara-49677
NT Tilak Varma,1170265,https://www.espncricinfo.com/cricketers/nt-tilak-varma-1170265
M Tiwari,1460385,https://www.espncricinfo.com/cricketers/m-tiwari-1460385
MK Tiwary,35565,https://www.espncricinfo.com/cricketers/mk-tiwary-35565
SS Tiwary,35390,https://www.espncricinfo.com/cricketers/ss-tiwary-35390
A Tomar,1081183,https://www.espncricinfo.com/cricketers/a-tomar-1081183
RJW Topley,461632,https://www.espncricinfo.com/cricketers/rjw-topley-461632
RA Tripathi,446763,https://www.espncricinfo.com/cricketers/ra-tripathi-446763
SK Trivedi,35353,https://www.espncricinfo.com/cricketers/sk-trivedi-35353
AJ Turner,500268,https://www.espncricinfo.com/cricketers/aj-turner-500268
S Tyagi,317784,https://www.espncricinfo.com/cricketers/s-tyagi-317784
AJ Tye,459508,https://www.espncricinfo.com/cricketers/aj-tye-459508
I Udana,328026,https://www.espncricinfo.com/cricketers/i-udana-328026
Umran Malik,1246528,https://www.espncricinfo.com/cricketers/umran-malik-1246528
Umar Gul,43524,https://www.espncricinfo.com/cricketers/umar-gul-43524
JD Unadkat,390484,https://www.espncricinfo.com/cricketers/jd-unadkat-390484
A Uniyal,35586,https://www.espncricinfo.com/cricketers/a-uniyal-35586
K Upadhyay,431876,https://www.espncricinfo.com/cricketers/k-upadhyay-431876
RV Uthappa,35582,https://www.espncricinfo.com/cricketers/rv-uthappa-35582
WPUJC Vaas,50804,https://www.espncricinfo.com/cricketers/wpujc-vaas-50804
PC Valthaty,35630,https://www.espncricinfo.com/cricketers/pc-valthaty-35630
HE van der Dussen,337790,https://www.espncricinfo.com/cricketers/he-van-der-dussen-337790
RE van der Merwe,47850,https://www.espncricinfo.com/cricketers/re-van-der-merwe-47850
JJ van der Wath,47693,https://www.espncricinfo.com/cricketers/jj-van-der-wath-47693
MN van Wyk,47711,https://www.espncricinfo.com/cricketers/mn-van-wyk-47711
CV Varun,1108375,https://www.espncricinfo.com/cricketers/cv-varun-1108375
Y Venugopal Rao,35805,https://www.espncricinfo.com/cricketers/y-venugopal-rao-35805
AU Verma,1409976,https://www.espncricinfo.com/cricketers/au-verma-1409976
DL Vettori,38710,https://www.espncricinfo.com/cricketers/dl-vettori-38710
S Vidyut,35619,https://www.espncricinfo.com/cricketers/s-vidyut-35619
GH Vihari,452044,https://www.espncricinfo.com/cricketers/gh-vihari-452044
M Vijay,237095,https://www.espncricinfo.com/cricketers/m-vijay-237095
DP Vijaykumar,272949,https://www.espncricinfo.com/cricketers/dp-vijaykumar-272949
GC Viljoen,375126,https://www.espncricinfo.com/cricketers/gc-viljoen-375126
R Vinay Kumar,35731,https://www.espncricinfo.com/cricketers/r-vinay-kumar-35731
Virat Singh,720465,https://www.espncricinfo.com/cricketers/virat-singh-720465
Vishnu Vinod,732293,https://www.espncricinfo.com/cricketers/vishnu-vinod-732293
Vivrant Sharma,1252370,https://www.espncricinfo.com/cricketers/vivrant-sharma-1252370
V Viyaskanth,1153149,https://www.espncricinfo.com/cricketers/v-viyaskanth-1153149
AC Voges,8119,https://www.espncricinfo.com/cricketers/ac-voges-8119
M Vohra,532856,https://www.espncricinfo.com/cricketers/m-vohra-532856
V Vyshak,777815,https://www.espncricinfo.com/cricketers/v-vyshak-777815
MS Wade,230193,https://www.espncricinfo.com/cricketers/ms-wade-230193
N Wadhera,1151273,https://www.espncricinfo.com/cricketers/n-wadhera-1151273
SB Wagh,279552,https://www.espncricinfo.com/cricketers/sb-wagh-279552
SK Warne,8166,https://www.espncricinfo.com/cricketers/sk-warne-8166
DA Warner,219889,https://www.espncricinfo.com/cricketers/da-warner-219889
Washington Sundar,719715,https://www.espncricinfo.com/cricketers/washington-sundar-719715
SR Watson,8180,https://www.espncricinfo.com/cricketers/sr-watson-8180
CL White,8291,https://www.espncricinfo.com/cricketers/cl-white-8291
D Wiese,221140,https://www.espncricinfo.com/cricketers/d-wiese-221140
DJ Willey,308251,https://www.espncricinfo.com/cricketers/dj-willey-308251
LB Williams,379887,https://www.espncricinfo.com/cricketers/lb-williams-379887
KS Williamson,277906,https://www.espncricinfo.com/cricketers/ks-williamson-277906
CR Woakes,247235,https://www.espncricinfo.com/cricketers/cr-woakes-247235
L Wood,573170,https://www.espncricinfo.com/cricketers/l-wood-573170
MA Wood,351588,https://www.espncricinfo.com/cricketers/ma-wood-351588
LJ Wright,23460,https://www.espncricinfo.com/cricketers/lj-wright-23460
K Yadav,1206495,https://www.espncricinfo.com/cricketers/k-yadav-1206495
J Yadav,447587,https://www.espncricinfo.com/cricketers/j-yadav-447587
AS Yadav,36110,https://www.espncricinfo.com/cricketers/as-yadav-36110
Lalit Yadav,930189,https://www.espncricinfo.com/cricketers/lalit-yadav-930189
MP Yadav,1292563,https://www.espncricinfo.com/cricketers/mp-yadav-1292563
SA Yadav,446507,https://www.espncricinfo.com/cricketers/sa-yadav-446507
UT Yadav,376116,https://www.espncricinfo.com/cricketers/ut-yadav-376116
DH Yagnik,36071,https://www.espncricinfo.com/cricketers/dh-yagnik-36071
Yashpal Singh,36130,https://www.espncricinfo.com/cricketers/yashpal-singh-36130
Yash Dayal,1159720,https://www.espncricinfo.com/cricketers/yash-dayal-1159720
VS Yeligati,307448,https://www.espncricinfo.com/cricketers/vs-yeligati-307448
Younis Khan,43652,https://www.espncricinfo.com/cricketers/younis-khan-43652
Yudhvir Singh,1206052,https://www.espncricinfo.com/cricketers/yudhvir-singh-1206052
Yuvraj Singh,36084,https://www.espncricinfo.com/cricketers/yuvraj-singh-36084
A Zampa,379504,https://www.espncricinfo.com/cricketers/a-zampa-379504
Zeeshan Ansari,942371,https://www.espncricinfo.com/cricketers/zeeshan-ansari-942371
VH Zol,554699,https://www.espncricinfo.com/cricketers/vh-zol-554699
DNT Zoysa,51050,https://www.espncricinfo.com/cricketers/dnt-zoysa-51050
